Year (year),State Name (state_name),State Code (state_code),District Name (district_name),District Code (district_code),Crop Name (crop_name),Crop Code (crop_code),Crop Type (crop_type),Season (season),Area (area),Area Unit (area_unit),Production (production),Production Unit (production_unit),Yield (yield),Yield Unit (yield_unit)
"2002-2003","Telangana","36","Nalgonda","514","Groundnut","1001.0","Oilseeds","Rabi",9510,"Hectare",7361,"Tonnes",0.774,"Tonnes/Hectare"
"2013-2014","Tamil Nadu","33","Namakkal","580","Rapeseed &Mustard","1004.0","Oilseeds","Rabi",5,"Hectare",1,"Tonnes",0.2,"Tonnes/Hectare"
"2002-2003","Rajasthan","8","Jhalawar","105","Other Kharif Pulses","288.0","Pulses","Kharif",114,"Hectare",11,"Tonnes",0.096,"Tonnes/Hectare"
"2009-2010","Uttar Pradesh","9","Ghaziabad","145","Urad","203.0","Pulses","Summer",124,"Hectare",77,"Tonnes",0.621,"Tonnes/Hectare"
"2019-2020","Nagaland","13","Tuensang","249","Sugarcane","401.0","Sugar","Kharif",370,"Hectare",16135,"Tonnes",43.608,"Tonnes/Hectare"
"2021-2022","Chhattisgarh","22","Durg","378","Cotton(Lint)","1101.0","Fiber Crops","Whole Year",982,"Hectare",1461,"Tonnes",1.488,"Tonnes/Hectare"
"2009-2010","Gujarat","24","Narmada","452","Gram","201.0","Pulses","Rabi",900,"Hectare",900,"Tonnes",1,"Tonnes/Hectare"
"2022-2023","Chhattisgarh","22","Raipur","387","Sweet Potato","703.0","Vegetable","Whole Year",5,"Hectare",25,"Tonnes",5,"Tonnes/Hectare"
"2000-2001","West Bengal","19","Nadia","320","Ginger","503.0","Spices","Kharif",200,"Hectare",29,"Tonnes",0.145,"Tonnes/Hectare"
"2001-2002","Madhya Pradesh","23","Balaghat","392","Safflower","1008.0","Oilseeds","Rabi",12,"Hectare",3,"Tonnes",0.25,"Tonnes/Hectare"
"2012-2013","Karnataka","29","Hassan","539","Coriander","509.0","Spices","Whole Year",22,"Hectare",9,"Tonnes",0.409,"Tonnes/Hectare"
"2005-2006","Tamil Nadu","33","Coimbatore","569","Sesamum","1003.0","Oilseeds","Kharif",1478,"Hectare",715,"Tonnes",0.484,"Tonnes/Hectare"
"2021-2022","Uttar Pradesh","9","Farrukhabad","141","Wheat","106.0","Cereals","Rabi",78229,"Hectare",303294,"Tonnes",3.877,"Tonnes/Hectare"
"2003-2004","Jharkhand","20","Dumka","326","Rice","101.0","Cereals","Total",83185.71,"Hectare",96226.187,"Tonnes",1.157,"Tonnes/Hectare"
"2020-2021","Uttar Pradesh","9","Varanasi","187","Dry Chillies","502.0","Spices","Kharif",483,"Hectare",428,"Tonnes",0.886,"Tonnes/Hectare"
"2021-2022","Telangana","36","Kamareddy","685","Maize","104.0","Cereals","Total",53561,"Hectare",317765,"Tonnes",5.933,"Tonnes/Hectare"
"2021-2022","Karnataka","29","Chamarajanagar","531","Moong(Green Gram)","204.0","Pulses","Kharif",484,"Hectare",101,"Tonnes",0.209,"Tonnes/Hectare"
"2007-2008","Assam","18","Bongaigaon","281","Sesamum","1003.0","Oilseeds","Kharif",396,"Hectare",198,"Tonnes",0.5,"Tonnes/Hectare"
"2008-2009","Jharkhand","20","Pakur","337","Rice","101.0","Cereals","Winter",39664.47,"Hectare",20969.33,"Tonnes",0.529,"Tonnes/Hectare"
"1998-1999","Karnataka","29","Raichur","546","Sunflower","1007.0","Oilseeds","Rabi",48627,"Hectare",13614,"Tonnes",0.28,"Tonnes/Hectare"
"2005-2006","Uttar Pradesh","9","Budaun","133","Rapeseed &Mustard","1004.0","Oilseeds","Rabi",20720,"Hectare",27865,"Tonnes",1.345,"Tonnes/Hectare"
"2021-2022","Assam","18","Karbi Anglong","292","Tapioca","702.0","Vegetable","Whole Year",307,"Hectare",3469,"Tonnes",11.3,"Tonnes/Hectare"
"2019-2020","Uttar Pradesh","9","Kasganj","633","Masoor","205.0","Pulses","Rabi",1265,"Hectare",968,"Tonnes",0.765,"Tonnes/Hectare"
"2013-2014","Madhya Pradesh","23","Shajapur","430","Dry Chillies","502.0","Spices","Whole Year",218,"Hectare",110,"Tonnes",0.505,"Tonnes/Hectare"
"2017-2018","Chhattisgarh","22","Balrampur-Ramanujganj","649","Potato","701.0","Vegetable","Total",1666,"Hectare",7812,"Tonnes",4.689,"Tonnes/Hectare"
"2008-2009","Meghalaya","17","East Khasi Hills","274","Black Pepper","501.0","Spices","Rabi",168,"Hectare",104,"Tonnes",0.619,"Tonnes/Hectare"
"2022-2023","Karnataka","29","Bagalkote","524","Horse-Gram","206.0","Pulses","Total",1728,"Hectare",753,"Tonnes",0.436,"Tonnes/Hectare"
"2007-2008","Rajasthan","8","Bikaner","93","Potato","701.0","Vegetable","Whole Year",2,"Hectare",2,"Tonnes",1,"Tonnes/Hectare"
"2012-2013","Uttar Pradesh","9","Auraiya","122","Rapeseed &Mustard","1004.0","Oilseeds","Rabi",13516,"Hectare",19621,"Tonnes",1.452,"Tonnes/Hectare"
"2003-2004","West Bengal","19","Nadia","320","Urad","203.0","Pulses","Rabi",1848,"Hectare",1482,"Tonnes",0.802,"Tonnes/Hectare"
"2020-2021","Jharkhand","20","Deoghar","324","Moong(Green Gram)","204.0","Pulses","Total",1322,"Hectare",1190,"Tonnes",0.9,"Tonnes/Hectare"
"1998-1999","Jharkhand","20","Ranchi","339","Garlic","508.0","Spices","Whole Year",190,"Hectare",352,"Tonnes",1.853,"Tonnes/Hectare"
"2019-2020","Andhra Pradesh","28","Kurnool","511","Sunflower","1007.0","Oilseeds","Total",685,"Hectare",485,"Tonnes",0.708,"Tonnes/Hectare"
"2015-2016","Tripura","16","South Tripura","271","Groundnut","1001.0","Oilseeds","Rabi",85,"Hectare",100,"Tonnes",1.176,"Tonnes/Hectare"
"2002-2003","Assam","18","Hailakandi","289","Rapeseed &Mustard","1004.0","Oilseeds","Rabi",900,"Hectare",417,"Tonnes",0.463,"Tonnes/Hectare"
"2016-2017","Rajasthan","8","Jhalawar","105","Barley","107.0","Cereals","Rabi",319,"Hectare",1052,"Tonnes",3.298,"Tonnes/Hectare"
"2020-2021","Arunachal Pradesh","12","Pakke Kessang","723","Rapeseed &Mustard","1004.0","Oilseeds","Rabi",231,"Hectare",318,"Tonnes",1.377,"Tonnes/Hectare"
"2003-2004","Kerala","32","Wayanad","567","Jack Fruit","621.0","Fruits","Whole Year",10021,"Hectare",29,"Tonnes",0.003,"Tonnes/Hectare"
"2018-2019","Madhya Pradesh","23","Morena","417","Sugarcane","401.0","Sugar","Whole Year",11,"Hectare",59,"Tonnes",5.364,"Tonnes/Hectare"
"2018-2019","Tamil Nadu","33","Chennai","568","Sesamum","1003.0","Oilseeds","Kharif",1,"Hectare","","Tonnes",0,"Tonnes/Hectare"
"2014-2015","Chhattisgarh","22","Bemetara","650","Coriander","509.0","Spices","Whole Year",124,"Hectare",31,"Tonnes",0.25,"Tonnes/Hectare"
"2014-2015","Bihar","10","Bhojpur","193","Rice","101.0","Cereals","Autumn",41,"Hectare",71,"Tonnes",1.732,"Tonnes/Hectare"
"2003-2004","Karnataka","29","Kalaburagi","538","Other Kharif Pulses","288.0","Pulses","Kharif",2227,"Hectare",299,"Tonnes",0.134,"Tonnes/Hectare"
"2004-2005","Chhattisgarh","22","Uttar Bastar Kanker","381","Moong(Green Gram)","204.0","Pulses","Total",972,"Hectare",415,"Tonnes",0.427,"Tonnes/Hectare"
"2002-2003","Kerala","32","Kannur","557","Sesamum","1003.0","Oilseeds","Kharif",1,"Hectare","","Tonnes",0,"Tonnes/Hectare"
"2011-2012","Odisha","21","Gajapati","353","Moong(Green Gram)","204.0","Pulses","Winter",591,"Hectare",147.8,"Tonnes",0.25,"Tonnes/Hectare"
"2018-2019","Jammu And Kashmir","1","Kulgam","622","Dry Chillies","502.0","Spices","Kharif",35,"Hectare",42,"Tonnes",1.2,"Tonnes/Hectare"
"2013-2014","Meghalaya","17","South West Garo Hills","663","Cashewnut","619.0","Fruits","Whole Year",1482,"Hectare",3758,"Tonnes",2.536,"Tonnes/Hectare"
"2022-2023","Maharashtra","27","Nandurbar","486","Moong(Green Gram)","204.0","Pulses","Total",6567.98,"Hectare",1863.63,"Tonnes",0.284,"Tonnes/Hectare"
"2022-2023","Uttar Pradesh","9","Kasganj","633","Groundnut","1001.0","Oilseeds","Kharif",219,"Hectare",256,"Tonnes",1.169,"Tonnes/Hectare"
"2003-2004","West Bengal","19","Paschim Medinipur","318","Jute","1102.0","Fiber Crops","Kharif",5888,"Hectare",77912,"Tonnes",13.232,"Tonnes/Hectare"
"2019-2020","Karnataka","29","Koppal","543","Sunflower","1007.0","Oilseeds","Total",18455,"Hectare",12090,"Tonnes",0.655,"Tonnes/Hectare"
"2013-2014","Uttar Pradesh","9","Kheri","159","Ginger","503.0","Spices","Kharif",12,"Hectare",62,"Tonnes",5.167,"Tonnes/Hectare"
"2001-2002","Telangana","36","Warangal","522","Other Rabi Pulses","288.0","Pulses","Rabi",1313,"Hectare",389,"Tonnes",0.296,"Tonnes/Hectare"
"2012-2013","Karnataka","29","Yadgir","635","Urad","203.0","Pulses","Kharif",1250,"Hectare",473,"Tonnes",0.378,"Tonnes/Hectare"
"2015-2016","Gujarat","24","Surendranagar","460","Garlic","508.0","Spices","Whole Year",425,"Hectare",2368,"Tonnes",5.572,"Tonnes/Hectare"
"2021-2022","Andhra Pradesh","28","Ananthapuramu","502","Ragi","105.0","Cereals","Rabi",690,"Hectare",1934,"Tonnes",2.803,"Tonnes/Hectare"
"1999-2000","Bihar","10","Rohtas","215","Sugarcane","401.0","Sugar","Whole Year",501,"Hectare",12630,"Tonnes",25.21,"Tonnes/Hectare"
"2009-2010","Karnataka","29","Davanagere","535","Coconut","1006.0","Oilseeds","Whole Year",12101,"Hectare",99410000,"Tonnes",8215.024,"Tonnes/Hectare"
"2001-2002","Himachal Pradesh","2","Bilaspur","15","Tobacco","1302.0","Drugs And Narcotics","Whole Year",1,"Hectare",1,"Tonnes",1,"Tonnes/Hectare"
"2007-2008","Karnataka","29","Shivamogga","547","Sunflower","1007.0","Oilseeds","Kharif",36,"Hectare",15,"Tonnes",0.417,"Tonnes/Hectare"
"2008-2009","Odisha","21","Khordha","362","Potato","701.0","Vegetable","Winter",144,"Hectare",1795.2,"Tonnes",12.467,"Tonnes/Hectare"
"2011-2012","Uttarakhand","5","Pithoragarh","53","Maize","104.0","Cereals","Kharif",3141,"Hectare",3628,"Tonnes",1.155,"Tonnes/Hectare"
"2002-2003","Uttarakhand","5","Tehri Garhwal","55","Other Oilseeds","1088.0","Oilseeds","Rabi",1,"Hectare","","Tonnes",0,"Tonnes/Hectare"
"2017-2018","Rajasthan","8","Bikaner","93","Bajra","103.0","Cereals","Kharif",124373,"Hectare",60140,"Tonnes",0.484,"Tonnes/Hectare"
"2015-2016","Telangana","36","Nizamabad","516","Maize","104.0","Cereals","Rabi",9080,"Hectare",33151,"Tonnes",3.651,"Tonnes/Hectare"
"2013-2014","Madhya Pradesh","23","Katni","413","Wheat","106.0","Cereals","Rabi",98949,"Hectare",214084,"Tonnes",2.164,"Tonnes/Hectare"
"2020-2021","Madhya Pradesh","23","Ratlam","423","Cotton(Lint)","1101.0","Fiber Crops","Kharif",18306,"Hectare",14645,"Tonnes",0.8,"Tonnes/Hectare"
"2022-2023","Maharashtra","27","Akola","467","Soyabean","1009.0","Oilseeds","Total",242755.4,"Hectare",387690.04,"Tonnes",1.597,"Tonnes/Hectare"
"2005-2006","Gujarat","24","Sabar Kantha","458","Groundnut","1001.0","Oilseeds","Summer",3400,"Hectare",5600,"Tonnes",1.647,"Tonnes/Hectare"
"2002-2003","Jharkhand","20","Ranchi","339","Rice","101.0","Cereals","Autumn",51998.42,"Hectare",38998.81,"Tonnes",0.75,"Tonnes/Hectare"
"2018-2019","Gujarat","24","Anand","440","Potato","701.0","Vegetable","Whole Year",1528,"Hectare",31021,"Tonnes",20.302,"Tonnes/Hectare"
"2005-2006","Kerala","32","Alappuzha","554","Cashewnut","619.0","Fruits","Whole Year",3525,"Hectare",1182,"Tonnes",0.335,"Tonnes/Hectare"
"2020-2021","Tamil Nadu","33","Thanjavur","586","Groundnut","1001.0","Oilseeds","Rabi",8694,"Hectare",39874,"Tonnes",4.586,"Tonnes/Hectare"
"1998-1999","Odisha","21","Angul","344","Moong(Green Gram)","204.0","Pulses","Total",3678,"Hectare",508,"Tonnes",0.138,"Tonnes/Hectare"
"2009-2010","Bihar","10","Siwan","222","Tobacco","1302.0","Drugs And Narcotics","Whole Year",58,"Hectare",108,"Tonnes",1.862,"Tonnes/Hectare"
"2012-2013","Uttar Pradesh","9","Mirzapur","170","Moong(Green Gram)","204.0","Pulses","Summer",3,"Hectare",2,"Tonnes",0.667,"Tonnes/Hectare"
"2013-2014","Karnataka","29","Belagavi","527","Potato","701.0","Vegetable","Summer",108,"Hectare",1517,"Tonnes",14.046,"Tonnes/Hectare"
"2004-2005","Tamil Nadu","33","Ramanathapuram","583","Cotton(Lint)","1101.0","Fiber Crops","Kharif",5413,"Hectare",3802,"Tonnes",0.702,"Tonnes/Hectare"
"2009-2010","Gujarat","24","Narmada","452","Jowar","102.0","Cereals","Total",9100,"Hectare",11100,"Tonnes",1.22,"Tonnes/Hectare"
"2013-2014","Uttarakhand","5","Pauri Garhwal","52","Potato","701.0","Vegetable","Kharif",108,"Hectare",938,"Tonnes",8.685,"Tonnes/Hectare"
"2006-2007","Bihar","10","Jehanabad","199","Sunflower","1007.0","Oilseeds","Rabi",49,"Hectare",67,"Tonnes",1.367,"Tonnes/Hectare"
"2002-2003","Rajasthan","8","Jaipur","102","Other Kharif Pulses","288.0","Pulses","Kharif",10587,"Hectare",342,"Tonnes",0.032,"Tonnes/Hectare"
"1997-1998","West Bengal","19","Murshidabad","319","Arecanut","507.0","Spices","Whole Year",56,"Hectare",38,"Tonnes",0.679,"Tonnes/Hectare"
"2015-2016","Tamil Nadu","33","Tiruppur","634","Rice","101.0","Cereals","Kharif",10645,"Hectare",48167,"Tonnes",4.525,"Tonnes/Hectare"
"2008-2009","Jharkhand","20","Pakur","337","Wheat","106.0","Cereals","Rabi",1595.35,"Hectare",2450,"Tonnes",1.536,"Tonnes/Hectare"
"2017-2018","Uttar Pradesh","9","Mirzapur","170","Linseed","1005.0","Oilseeds","Rabi",3398,"Hectare",2066,"Tonnes",0.608,"Tonnes/Hectare"
"2011-2012","Andhra Pradesh","28","East Godavari","505","Sugarcane","401.0","Sugar","Whole Year",12618,"Hectare",1069560,"Tonnes",84.765,"Tonnes/Hectare"
"2001-2002","Madhya Pradesh","23","Barwani","393","Rice","101.0","Cereals","Kharif",2596,"Hectare",1092,"Tonnes",0.421,"Tonnes/Hectare"
"2021-2022","Himachal Pradesh","2","Hamirpur","17","Turmeric","504.0","Spices","Kharif",30,"Hectare",49,"Tonnes",1.633,"Tonnes/Hectare"
"2014-2015","Uttarakhand","5","Udham Singh Nagar","56","Moong(Green Gram)","204.0","Pulses","Total",17,"Hectare",9,"Tonnes",0.529,"Tonnes/Hectare"
"2002-2003","Madhya Pradesh","23","Umaria","436","Potato","701.0","Vegetable","Whole Year",256,"Hectare",2233,"Tonnes",8.723,"Tonnes/Hectare"
"2007-2008","Rajasthan","8","Jaisalmer","103","Wheat","106.0","Cereals","Rabi",9696,"Hectare",8987,"Tonnes",0.927,"Tonnes/Hectare"
"2011-2012","Maharashtra","27","Nanded","485","Other Kharif Pulses","288.0","Pulses","Kharif",500,"Hectare",100,"Tonnes",0.2,"Tonnes/Hectare"
"2005-2006","Uttar Pradesh","9","Lalitpur","161","Coriander","509.0","Spices","Whole Year",34,"Hectare",19,"Tonnes",0.559,"Tonnes/Hectare"
"2011-2012","Karnataka","29","Tumakuru","548","Groundnut","1001.0","Oilseeds","Total",88548,"Hectare",22503,"Tonnes",0.254,"Tonnes/Hectare"
"2016-2017","West Bengal","19","North 24 Parganas","303","Groundnut","1001.0","Oilseeds","Rabi",487,"Hectare",675,"Tonnes",1.386,"Tonnes/Hectare"
"2004-2005","Gujarat","24","Gandhinagar","446","Bajra","103.0","Cereals","Total",25600,"Hectare",43200,"Tonnes",1.688,"Tonnes/Hectare"
"2008-2009","Assam","18","Karbi Anglong","292","Cotton(Lint)","1101.0","Fiber Crops","Kharif",793,"Hectare",391,"Tonnes",0.493,"Tonnes/Hectare"
"1997-1998","Madhya Pradesh","23","Rajgarh","422","Linseed","1005.0","Oilseeds","Rabi",1600,"Hectare",400,"Tonnes",0.25,"Tonnes/Hectare"
"2003-2004","Karnataka","29","Ballari","528","Coriander","509.0","Spices","Whole Year",3503,"Hectare",707,"Tonnes",0.202,"Tonnes/Hectare"
"2018-2019","Chhattisgarh","22","Mungeli","647","Ginger","503.0","Spices","Whole Year",1,"Hectare","","Tonnes",0,"Tonnes/Hectare"
"2003-2004","Andhra Pradesh","28","Kurnool","511","Dry Chillies","502.0","Spices","Total",12529,"Hectare",26973,"Tonnes",2.153,"Tonnes/Hectare"
"1999-2000","Gujarat","24","Rajkot","457","Arhar/Tur","202.0","Pulses","Kharif",2300,"Hectare",1900,"Tonnes",0.826,"Tonnes/Hectare"
"2007-2008","Haryana","6","Faridabad","60","Arhar/Tur","202.0","Pulses","Kharif",2264,"Hectare",2000,"Tonnes",0.883,"Tonnes/Hectare"
"2004-2005","Uttar Pradesh","9","Gorakhpur","148","Banana","606.0","Fruits","Whole Year",724,"Hectare",26331,"Tonnes",36.369,"Tonnes/Hectare"
"2007-2008","Chhattisgarh","22","Bastar","374","Other Kharif Pulses","288.0","Pulses","Kharif",432,"Hectare",53,"Tonnes",0.123,"Tonnes/Hectare"
"2008-2009","Jammu And Kashmir","1","Reasi","627","Garlic","508.0","Spices","Rabi",28,"Hectare",23.6,"Tonnes",0.843,"Tonnes/Hectare"
"2012-2013","Uttar Pradesh","9","Gonda","147","Onion","708.0","Vegetable","Summer",570,"Hectare",6666,"Tonnes",11.695,"Tonnes/Hectare"
"2011-2012","Madhya Pradesh","23","Neemuch","419","Sesamum","1003.0","Oilseeds","Whole Year",780,"Hectare",456,"Tonnes",0.585,"Tonnes/Hectare"
"1997-1998","Telangana","36","Medak","513","Arhar/Tur","202.0","Pulses","Kharif",10700,"Hectare",100,"Tonnes",0.009,"Tonnes/Hectare"
"2019-2020","Tamil Nadu","33","Dharmapuri","571","Cotton(Lint)","1101.0","Fiber Crops","Kharif",8002,"Hectare",24803,"Tonnes",3.1,"Tonnes/Hectare"
"2005-2006","West Bengal","19","Jalpaiguri","314","Wheat","106.0","Cereals","Rabi",18461,"Hectare",31817,"Tonnes",1.723,"Tonnes/Hectare"
"2008-2009","Odisha","21","Angul","344","Maize","104.0","Cereals","Total",910,"Hectare",621.2,"Tonnes",0.683,"Tonnes/Hectare"
"2017-2018","Uttar Pradesh","9","Shrawasti","181","Sweet Potato","703.0","Vegetable","Kharif",18,"Hectare",201,"Tonnes",11.167,"Tonnes/Hectare"
"2013-2014","Uttarakhand","5","Almora","45","Small Millets","108.0","Cereals","Kharif",14424,"Hectare",15518,"Tonnes",1.076,"Tonnes/Hectare"
"2008-2009","Andhra Pradesh","28","Kurnool","511","Coconut","1006.0","Oilseeds","Whole Year",71,"Hectare",646668,"Tonnes",9108,"Tonnes/Hectare"
"1998-1999","Bihar","10","Sheikhpura","219","Barley","107.0","Cereals","Rabi",60,"Hectare",59,"Tonnes",0.983,"Tonnes/Hectare"
"2005-2006","Punjab","3","Rupnagar","42","Sugarcane","401.0","Sugar","Whole Year",6000,"Hectare",383000,"Tonnes",63.833,"Tonnes/Hectare"
"2005-2006","Rajasthan","8","Ganganagar","100","Other Kharif Pulses","288.0","Pulses","Kharif",1,"Hectare","","Tonnes",0,"Tonnes/Hectare"
"2015-2016","Andhra Pradesh","28","Srikakulam","519","Sunflower","1007.0","Oilseeds","Rabi",684,"Hectare",737,"Tonnes",1.077,"Tonnes/Hectare"
"2020-2021","Uttar Pradesh","9","Chitrakoot","136","Onion","708.0","Vegetable","Total",158,"Hectare",2386,"Tonnes",15.101,"Tonnes/Hectare"
"2014-2015","Andhra Pradesh","28","East Godavari","505","Tobacco","1302.0","Drugs And Narcotics","Rabi",3010,"Hectare",13721,"Tonnes",4.558,"Tonnes/Hectare"
"1997-1998","Odisha","21","Ganjam","354","Sugarcane","401.0","Sugar","Winter",1384,"Hectare",133036,"Tonnes",96.124,"Tonnes/Hectare"
"2018-2019","Tamil Nadu","33","Theni","588","Cowpea(Lobia)","288.0","Pulses","Total",4444,"Hectare",4127,"Tonnes",0.929,"Tonnes/Hectare"
"2006-2007","Odisha","21","Balangir","345","Moong(Green Gram)","204.0","Pulses","Autumn",4675,"Hectare",930.3,"Tonnes",0.199,"Tonnes/Hectare"
"2009-2010","Bihar","10","Purnia","214","Moong(Green Gram)","204.0","Pulses","Total",5975,"Hectare",3313,"Tonnes",0.554,"Tonnes/Hectare"
"2019-2020","Odisha","21","Kandhamal","359","Jowar","102.0","Cereals","Kharif",110,"Hectare",60,"Tonnes",0.545,"Tonnes/Hectare"
"2019-2020","Uttar Pradesh","9","Lucknow","162","Masoor","205.0","Pulses","Rabi",1457,"Hectare",1010,"Tonnes",0.693,"Tonnes/Hectare"
"1997-1998","Karnataka","29","Mysuru","545","Groundnut","1001.0","Oilseeds","Total",37622,"Hectare",38858,"Tonnes",1.033,"Tonnes/Hectare"
"2010-2011","Rajasthan","8","Bundi","94","Masoor","205.0","Pulses","Rabi",19485,"Hectare",17045,"Tonnes",0.875,"Tonnes/Hectare"
"2015-2016","Andhra Pradesh","28","Y.S.R. Kadapa","504","Soyabean","1009.0","Oilseeds","Kharif",2,"Hectare",3,"Tonnes",1.5,"Tonnes/Hectare"
"2010-2011","Odisha","21","Ganjam","354","Moong(Green Gram)","204.0","Pulses","Autumn",6,"Hectare",0.9,"Tonnes",0.15,"Tonnes/Hectare"
"2008-2009","Uttar Pradesh","9","Kheri","159","Sweet Potato","703.0","Vegetable","Kharif",56,"Hectare",688,"Tonnes",12.286,"Tonnes/Hectare"
"2000-2001","Maharashtra","27","Amravati","468","Arhar/Tur","202.0","Pulses","Kharif",99600,"Hectare",67300,"Tonnes",0.676,"Tonnes/Hectare"
"2017-2018","Odisha","21","Nabarangpur","366","Urad","203.0","Pulses","Total",4306,"Hectare",2287.2,"Tonnes",0.531,"Tonnes/Hectare"
"2007-2008","Madhya Pradesh","23","Damoh","400","Linseed","1005.0","Oilseeds","Rabi",2932,"Hectare",1282,"Tonnes",0.437,"Tonnes/Hectare"
"2017-2018","Himachal Pradesh","2","Kangra","18","Gram","201.0","Pulses","Rabi",98,"Hectare",106,"Tonnes",1.082,"Tonnes/Hectare"
"2004-2005","West Bengal","19","Malda","316","Groundnut","1001.0","Oilseeds","Whole Year",183,"Hectare",146,"Tonnes",0.798,"Tonnes/Hectare"
"2022-2023","Chhattisgarh","22","Bilaspur","375","Soyabean","1009.0","Oilseeds","Kharif",6,"Hectare",7,"Tonnes",1.167,"Tonnes/Hectare"
"2001-2002","Uttar Pradesh","9","Azamgarh","123","Gram","201.0","Pulses","Rabi",5358,"Hectare",4985,"Tonnes",0.93,"Tonnes/Hectare"
"2003-2004","Haryana","6","Jhajjar","64","Onion","708.0","Vegetable","Whole Year",134,"Hectare",2600,"Tonnes",19.403,"Tonnes/Hectare"
"2000-2001","Arunachal Pradesh","12","Dibang Valley","230","Potato","701.0","Vegetable","Whole Year",850,"Hectare",3347,"Tonnes",3.938,"Tonnes/Hectare"
"2011-2012","Uttar Pradesh","9","Etawah","139","Coriander","509.0","Spices","Rabi",48,"Hectare",27,"Tonnes",0.562,"Tonnes/Hectare"
"2003-2004","Assam","18","Hailakandi","289","Sesamum","1003.0","Oilseeds","Kharif",60,"Hectare",24,"Tonnes",0.4,"Tonnes/Hectare"
"2012-2013","Assam","18","Dhubri","285","Gram","201.0","Pulses","Rabi",165,"Hectare",117,"Tonnes",0.709,"Tonnes/Hectare"
"2016-2017","Telangana","36","Mancherial","684","Groundnut","1001.0","Oilseeds","Rabi",239,"Hectare",494,"Tonnes",2.067,"Tonnes/Hectare"
"2022-2023","Odisha","21","Kendrapara","360","Horse-Gram","206.0","Pulses","Winter",316,"Hectare",120.1,"Tonnes",0.38,"Tonnes/Hectare"
"2005-2006","Tamil Nadu","33","Madurai","578","Tapioca","702.0","Vegetable","Whole Year",52,"Hectare",1987,"Tonnes",38.212,"Tonnes/Hectare"
"2018-2019","Karnataka","29","Chikkaballapura","630","Tobacco","1302.0","Drugs And Narcotics","Whole Year",2,"Hectare",2,"Tonnes",1,"Tonnes/Hectare"
"2005-2006","Rajasthan","8","Rajsamand","112","Barley","107.0","Cereals","Rabi",4589,"Hectare",11947,"Tonnes",2.603,"Tonnes/Hectare"
"2017-2018","Madhya Pradesh","23","Neemuch","419","Coriander","509.0","Spices","Whole Year",24500,"Hectare",24500,"Tonnes",1,"Tonnes/Hectare"
"2014-2015","Rajasthan","8","Hanumangarh","101","Sesamum","1003.0","Oilseeds","Kharif",827,"Hectare",281,"Tonnes",0.34,"Tonnes/Hectare"
"1999-2000","Meghalaya","17","East Jaintia Hills","657","Rice","101.0","Cereals","Rabi",52,"Hectare",59,"Tonnes",1.135,"Tonnes/Hectare"
"2014-2015","Punjab","3","Mansa","37","Barley","107.0","Cereals","Rabi",1000,"Hectare",3100,"Tonnes",3.1,"Tonnes/Hectare"
"1999-2000","Tamil Nadu","33","Namakkal","580","Black Pepper","501.0","Spices","Whole Year",208,"Hectare",38,"Tonnes",0.183,"Tonnes/Hectare"
"2002-2003","Assam","18","Golaghat","288","Gram","201.0","Pulses","Rabi",19,"Hectare",9,"Tonnes",0.474,"Tonnes/Hectare"
"2019-2020","Haryana","6","Fatehabad","61","Sugarcane","401.0","Sugar","Whole Year",1100,"Hectare",96100,"Tonnes",87.364,"Tonnes/Hectare"
"2002-2003","Chhattisgarh","22","Surguja","389","Sunflower","1007.0","Oilseeds","Kharif",63,"Hectare",17,"Tonnes",0.27,"Tonnes/Hectare"
"2015-2016","Karnataka","29","Dakshina Kannada","534","Urad","203.0","Pulses","Rabi",1270,"Hectare",392,"Tonnes",0.309,"Tonnes/Hectare"
"2011-2012","Karnataka","29","Vijayapura","530","Turmeric","504.0","Spices","Whole Year",66,"Hectare",137,"Tonnes",2.076,"Tonnes/Hectare"
"2003-2004","Uttar Pradesh","9","Ballia","126","Urad","203.0","Pulses","Summer",11,"Hectare",5,"Tonnes",0.455,"Tonnes/Hectare"
"2017-2018","Tamil Nadu","33","The Nilgiris","587","Groundnut","1001.0","Oilseeds","Rabi",2,"Hectare",8,"Tonnes",4,"Tonnes/Hectare"
"2008-2009","Maharashtra","27","Buldhana","472","Gram","201.0","Pulses","Rabi",63500,"Hectare",47900,"Tonnes",0.754,"Tonnes/Hectare"
"2017-2018","Nagaland","13","Peren","613","Barley","107.0","Cereals","Rabi",60,"Hectare",60,"Tonnes",1,"Tonnes/Hectare"
"2003-2004","Tamil Nadu","33","Tirunelveli","592","Sugarcane","401.0","Sugar","Whole Year",2707,"Hectare",275244,"Tonnes",101.679,"Tonnes/Hectare"
"2016-2017","Andhra Pradesh","28","Visakhapatnam","520","Sweet Potato","703.0","Vegetable","Kharif",64,"Hectare",983,"Tonnes",15.359,"Tonnes/Hectare"
"2000-2001","Kerala","32","Malappuram","562","Tapioca","702.0","Vegetable","Whole Year",7508,"Hectare",185143,"Tonnes",24.659,"Tonnes/Hectare"
"2007-2008","Uttar Pradesh","9","Mainpuri","166","Urad","203.0","Pulses","Summer",1858,"Hectare",1258,"Tonnes",0.677,"Tonnes/Hectare"
"2006-2007","Uttar Pradesh","9","Amroha","154","Sugarcane","401.0","Sugar","Kharif",73271,"Hectare",4632779,"Tonnes",63.228,"Tonnes/Hectare"
"1997-1998","West Bengal","19","North 24 Parganas","303","Arhar/Tur","202.0","Pulses","Whole Year",45,"Hectare",40,"Tonnes",0.889,"Tonnes/Hectare"
"2004-2005","West Bengal","19","Birbhum","307","Dry Chillies","502.0","Spices","Whole Year",666,"Hectare",425,"Tonnes",0.638,"Tonnes/Hectare"
"2021-2022","Madhya Pradesh","23","Alirajpur","639","Soyabean","1009.0","Oilseeds","Kharif",43511,"Hectare",27412,"Tonnes",0.63,"Tonnes/Hectare"
"2016-2017","Rajasthan","8","Alwar","87","Potato","701.0","Vegetable","Whole Year",75,"Hectare",538,"Tonnes",7.173,"Tonnes/Hectare"
"2018-2019","Chhattisgarh","22","Surajpur","648","Ginger","503.0","Spices","Whole Year",417,"Hectare",464,"Tonnes",1.113,"Tonnes/Hectare"
"2010-2011","Karnataka","29","Chitradurga","533","Sesamum","1003.0","Oilseeds","Kharif",4552,"Hectare",3243,"Tonnes",0.712,"Tonnes/Hectare"
"2020-2021","Haryana","6","Sonipat","75","Rapeseed &Mustard","1004.0","Oilseeds","Rabi",2650,"Hectare",5560,"Tonnes",2.098,"Tonnes/Hectare"
"2006-2007","Chhattisgarh","22","Surguja","389","Peas & Beans (Pulses)","213.0","Pulses","Rabi",3217,"Hectare",1372,"Tonnes",0.426,"Tonnes/Hectare"
"2010-2011","Assam","18","Bongaigaon","281","Urad","203.0","Pulses","Rabi",2107,"Hectare",1133,"Tonnes",0.538,"Tonnes/Hectare"
"2018-2019","Maharashtra","27","Chhatrapati Sambhajinagar","469","Other Rabi Pulses","288.0","Pulses","Rabi",10,"Hectare",1,"Tonnes",0.1,"Tonnes/Hectare"
"1998-1999","Meghalaya","17","East Jaintia Hills","657","Sesamum","1003.0","Oilseeds","Kharif",34,"Hectare",16,"Tonnes",0.471,"Tonnes/Hectare"
"2016-2017","Karnataka","29","Uttara Kannada","550","Moong(Green Gram)","204.0","Pulses","Summer",76,"Hectare",18,"Tonnes",0.237,"Tonnes/Hectare"
"2011-2012","Uttar Pradesh","9","Pratapgarh","174","Maize","104.0","Cereals","Total",870,"Hectare",882,"Tonnes",1.014,"Tonnes/Hectare"
"2000-2001","Gujarat","24","Amreli","439","Dry Chillies","502.0","Spices","Whole Year",200,"Hectare",100,"Tonnes",0.5,"Tonnes/Hectare"
"2003-2004","Odisha","21","Cuttack","350","Garlic","508.0","Spices","Whole Year",960,"Hectare",3050,"Tonnes",3.177,"Tonnes/Hectare"
"2019-2020","Tripura","16","South Tripura","271","Small Millets","108.0","Cereals","Kharif",44,"Hectare",34.7,"Tonnes",0.789,"Tonnes/Hectare"
"2020-2021","Bihar","10","Sheikhpura","219","Maize","104.0","Cereals","Total",727,"Hectare",2236,"Tonnes",3.076,"Tonnes/Hectare"
"2005-2006","Haryana","6","Faridabad","60","Sesamum","1003.0","Oilseeds","Kharif",309,"Hectare",100,"Tonnes",0.324,"Tonnes/Hectare"
"1998-1999","Kerala","32","Palakkad","563","Dry Chillies","502.0","Spices","Whole Year",100,"Hectare",107,"Tonnes",1.07,"Tonnes/Hectare"
"2017-2018","Jharkhand","20","Dhanbad","325","Gram","201.0","Pulses","Rabi",4817,"Hectare",7221,"Tonnes",1.499,"Tonnes/Hectare"
"2014-2015","Madhya Pradesh","23","Alirajpur","639","Gram","201.0","Pulses","Rabi",10000,"Hectare",10000,"Tonnes",1,"Tonnes/Hectare"
"2022-2023","Uttar Pradesh","9","Deoria","137","Urad","203.0","Pulses","Summer",2,"Hectare",2,"Tonnes",1,"Tonnes/Hectare"
"2002-2003","West Bengal","19","South 24 Parganas","304","Ginger","503.0","Spices","Kharif",260,"Hectare",182,"Tonnes",0.7,"Tonnes/Hectare"
"2019-2020","Tamil Nadu","33","Pudukkottai","582","Black Pepper","501.0","Spices","Whole Year",7,"Hectare",2,"Tonnes",0.286,"Tonnes/Hectare"
"2004-2005","Bihar","10","Samastipur","217","Sannhamp","1104.0","Fiber Crops","Whole Year",16,"Hectare",13,"Tonnes",0.812,"Tonnes/Hectare"
"2001-2002","Gujarat","24","Mahesana","451","Sesamum","1003.0","Oilseeds","Kharif",14300,"Hectare",4400,"Tonnes",0.308,"Tonnes/Hectare"
"2004-2005","Maharashtra","27","Amravati","468","Sunflower","1007.0","Oilseeds","Kharif",300,"Hectare",100,"Tonnes",0.333,"Tonnes/Hectare"
"2012-2013","Uttar Pradesh","9","Kanpur Nagar","157","Rice","101.0","Cereals","Kharif",31891,"Hectare",74689,"Tonnes",2.342,"Tonnes/Hectare"
"2009-2010","Haryana","6","Sonipat","75","Sweet Potato","703.0","Vegetable","Whole Year",1,"Hectare","","Tonnes",0,"Tonnes/Hectare"
"1999-2000","Andhra Pradesh","28","Y.S.R. Kadapa","504","Jowar","102.0","Cereals","Kharif",7866,"Hectare",6293,"Tonnes",0.8,"Tonnes/Hectare"
"2014-2015","Uttar Pradesh","9","Rae Bareli","175","Tobacco","1302.0","Drugs And Narcotics","Total",4,"Hectare",16,"Tonnes",4,"Tonnes/Hectare"
"2022-2023","Odisha","21","Sambalpur","371","Groundnut","1001.0","Oilseeds","Winter",3,"Hectare",2.4,"Tonnes",0.8,"Tonnes/Hectare"
"2021-2022","Bihar","10","Sheohar","220","Rice","101.0","Cereals","Total",21352,"Hectare",36517,"Tonnes",1.71,"Tonnes/Hectare"
"1999-2000","Madhya Pradesh","23","Morena","417","Sesamum","1003.0","Oilseeds","Kharif",2035,"Hectare",605,"Tonnes",0.297,"Tonnes/Hectare"
"2014-2015","Jharkhand","20","Sahebganj","340","Peas & Beans (Pulses)","213.0","Pulses","Rabi",17,"Hectare",29,"Tonnes",1.706,"Tonnes/Hectare"
"2002-2003","Uttar Pradesh","9","Kaushambi","158","Bajra","103.0","Cereals","Kharif",12105,"Hectare",12748,"Tonnes",1.053,"Tonnes/Hectare"
"2020-2021","Assam","18","Kamrup Metro","618","Urad","203.0","Pulses","Rabi",234,"Hectare",152,"Tonnes",0.65,"Tonnes/Hectare"
"2015-2016","Uttar Pradesh","9","Sultanpur","185","Maize","104.0","Cereals","Kharif",4239,"Hectare",2098,"Tonnes",0.495,"Tonnes/Hectare"
"1997-1998","Telangana","36","Khammam","509","Dry Chillies","502.0","Spices","Total",17400,"Hectare",43300,"Tonnes",2.489,"Tonnes/Hectare"
"1997-1998","Uttar Pradesh","9","Bara Banki","129","Peas & Beans (Pulses)","213.0","Pulses","Rabi",2772,"Hectare",3233,"Tonnes",1.166,"Tonnes/Hectare"
"2003-2004","Bihar","10","Banka","190","Maize","104.0","Cereals","Summer",3281,"Hectare",8938,"Tonnes",2.724,"Tonnes/Hectare"
"2017-2018","Bihar","10","Madhubani","206","Gram","201.0","Pulses","Rabi",11,"Hectare",13,"Tonnes",1.182,"Tonnes/Hectare"
"2007-2008","Karnataka","29","Ballari","528","Cotton(Lint)","1101.0","Fiber Crops","Whole Year",26604,"Hectare",48546,"Tonnes",1.825,"Tonnes/Hectare"
"2022-2023","Tamil Nadu","33","Tiruppur","634","Banana","606.0","Fruits","Whole Year",3093,"Hectare",126318,"Tonnes",40.84,"Tonnes/Hectare"
"2007-2008","Manipur","14","Chandel","253","Sugarcane","401.0","Sugar","Whole Year",90,"Hectare",2940,"Tonnes",32.667,"Tonnes/Hectare"
"2015-2016","Madhya Pradesh","23","Chhindwara","399","Rapeseed &Mustard","1004.0","Oilseeds","Rabi",3000,"Hectare",3000,"Tonnes",1,"Tonnes/Hectare"
"2012-2013","Uttar Pradesh","9","Hathras","163","Maize","104.0","Cereals","Total",3186,"Hectare",6803,"Tonnes",2.135,"Tonnes/Hectare"
"1997-1998","Uttar Pradesh","9","Kushinagar","160","Moong(Green Gram)","204.0","Pulses","Kharif",17,"Hectare",5,"Tonnes",0.294,"Tonnes/Hectare"
"2004-2005","West Bengal","19","Purulia","321","Rice","101.0","Cereals","Summer",1354,"Hectare",2836,"Tonnes",2.095,"Tonnes/Hectare"
"2018-2019","Uttar Pradesh","9","Jaunpur","152","Sugarcane","401.0","Sugar","Kharif",8201,"Hectare",569477,"Tonnes",69.44,"Tonnes/Hectare"
"2014-2015","Tamil Nadu","33","Dindigul","572","Rapeseed &Mustard","1004.0","Oilseeds","Rabi",1,"Hectare","","Tonnes",0,"Tonnes/Hectare"
"2015-2016","Karnataka","29","Vijayapura","530","Sesamum","1003.0","Oilseeds","Kharif",107,"Hectare",52,"Tonnes",0.486,"Tonnes/Hectare"
"2015-2016","Punjab","3","Jalandhar","34","Sugarcane","401.0","Sugar","Whole Year",11000,"Hectare",656000,"Tonnes",59.636,"Tonnes/Hectare"
"2009-2010","Tamil Nadu","33","Tirunelveli","592","Bajra","103.0","Cereals","Whole Year",404,"Hectare",938,"Tonnes",2.322,"Tonnes/Hectare"
"2015-2016","Gujarat","24","Kheda","450","Soyabean","1009.0","Oilseeds","Kharif",234,"Hectare",182,"Tonnes",0.778,"Tonnes/Hectare"
"2001-2002","Assam","18","Kokrajhar","294","Niger Seed","1010.0","Oilseeds","Kharif",595,"Hectare",298,"Tonnes",0.501,"Tonnes/Hectare"
"2016-2017","Assam","18","Kamrup","291","Wheat","106.0","Cereals","Rabi",831,"Hectare",1063,"Tonnes",1.279,"Tonnes/Hectare"
"2006-2007","Madhya Pradesh","23","Shivpuri","432","Soyabean","1009.0","Oilseeds","Kharif",103710,"Hectare",76528,"Tonnes",0.738,"Tonnes/Hectare"
"2009-2010","Rajasthan","8","Banswara","88","Wheat","106.0","Cereals","Rabi",80466,"Hectare",161762,"Tonnes",2.01,"Tonnes/Hectare"
"2020-2021","Tamil Nadu","33","Salem","584","Arhar/Tur","202.0","Pulses","Total",1417,"Hectare",2055,"Tonnes",1.45,"Tonnes/Hectare"
"2021-2022","Rajasthan","8","Jhunjhunu","106","Coriander","509.0","Spices","Whole Year",13,"Hectare",19,"Tonnes",1.462,"Tonnes/Hectare"
"2008-2009","Maharashtra","27","Washim","499","Moong(Green Gram)","204.0","Pulses","Kharif",33000,"Hectare",4900,"Tonnes",0.148,"Tonnes/Hectare"
"2006-2007","Karnataka","29","Chitradurga","533","Rice","101.0","Cereals","Kharif",4334,"Hectare",10215,"Tonnes",2.357,"Tonnes/Hectare"
"2019-2020","Nagaland","13","Peren","613","Sesamum","1003.0","Oilseeds","Kharif",445,"Hectare",274,"Tonnes",0.616,"Tonnes/Hectare"
"2022-2023","Chhattisgarh","22","Kabeerdham","382","Urad","203.0","Pulses","Kharif",688,"Hectare",269,"Tonnes",0.391,"Tonnes/Hectare"
"1998-1999","Uttar Pradesh","9","Kannauj","155","Moth","209.0","Pulses","Kharif",4,"Hectare",1,"Tonnes",0.25,"Tonnes/Hectare"
"2002-2003","Tamil Nadu","33","Cuddalore","570","Ash Gourd","726.0","Vegetable","Whole Year",4,"Hectare",0,"Tonnes",0,"Tonnes/Hectare"
"2019-2020","Punjab","3","Ludhiana","36","Moong(Green Gram)","204.0","Pulses","Kharif",100,"Hectare","","Tonnes",0,"Tonnes/Hectare"
"2006-2007","Bihar","10","Begusarai","191","Moong(Green Gram)","204.0","Pulses","Total",676,"Hectare",369,"Tonnes",0.546,"Tonnes/Hectare"
"2016-2017","Tamil Nadu","33","Coimbatore","569","Cardamom","506.0","Spices","Whole Year",808,"Hectare",63,"Tonnes",0.078,"Tonnes/Hectare"
"2021-2022","Telangana","36","Adilabad","501","Cowpea(Lobia)","288.0","Pulses","Rabi",18,"Hectare",12,"Tonnes",0.667,"Tonnes/Hectare"
"2015-2016","Chhattisgarh","22","Bijapur","636","Coriander","509.0","Spices","Whole Year",1,"Hectare","","Tonnes",0,"Tonnes/Hectare"
"2022-2023","Karnataka","29","Dharwad","536","Dry Ginger","588.0","Spices","Whole Year",4,"Hectare",7.5,"Tonnes",1.875,"Tonnes/Hectare"
"2020-2021","Karnataka","29","Chitradurga","533","Black Pepper","501.0","Spices","Whole Year",56,"Hectare",26.4,"Tonnes",0.471,"Tonnes/Hectare"
"2009-2010","Uttar Pradesh","9","Jaunpur","152","Guar Seed","727.0","Vegetable","Kharif",18,"Hectare",15,"Tonnes",0.833,"Tonnes/Hectare"
"2016-2017","Telangana","36","Nalgonda","514","Urad","203.0","Pulses","Rabi",389,"Hectare",318,"Tonnes",0.817,"Tonnes/Hectare"
"2020-2021","Uttar Pradesh","9","Etawah","139","Moong(Green Gram)","204.0","Pulses","Kharif",73,"Hectare",29,"Tonnes",0.397,"Tonnes/Hectare"
"2007-2008","Bihar","10","Pashchim Champaran","211","Onion","708.0","Vegetable","Whole Year",1214,"Hectare",9591,"Tonnes",7.9,"Tonnes/Hectare"
"2004-2005","Telangana","36","Medak","513","Dry Chillies","502.0","Spices","Total",5653,"Hectare",9681,"Tonnes",1.713,"Tonnes/Hectare"
"1999-2000","Uttar Pradesh","9","Deoria","137","Urad","203.0","Pulses","Kharif",36,"Hectare",15,"Tonnes",0.417,"Tonnes/Hectare"
"2012-2013","Chhattisgarh","22","Raigarh","386","Wheat","106.0","Cereals","Rabi",2365,"Hectare",4327,"Tonnes",1.83,"Tonnes/Hectare"
"2016-2017","Uttar Pradesh","9","Balrampur","127","Jowar","102.0","Cereals","Kharif",4,"Hectare",4,"Tonnes",1,"Tonnes/Hectare"
"2011-2012","Bihar","10","Khagaria","202","Arhar/Tur","202.0","Pulses","Kharif",166,"Hectare",326,"Tonnes",1.964,"Tonnes/Hectare"
"2018-2019","Andhra Pradesh","28","Visakhapatnam","520","Other Kharif Pulses","288.0","Pulses","Kharif",635,"Hectare",208,"Tonnes",0.328,"Tonnes/Hectare"
"2014-2015","Karnataka","29","Mysuru","545","Dry Chillies","502.0","Spices","Summer",270,"Hectare",520,"Tonnes",1.926,"Tonnes/Hectare"
"2018-2019","Gujarat","24","Mahisagar","669","Cotton(Lint)","1101.0","Fiber Crops","Kharif",7626,"Hectare",15945,"Tonnes",2.091,"Tonnes/Hectare"
"2010-2011","Karnataka","29","Chamarajanagar","531","Turmeric","504.0","Spices","Whole Year",7071,"Hectare",34506,"Tonnes",4.88,"Tonnes/Hectare"
"2022-2023","Arunachal Pradesh","12","Upper Siang","240","Peas & Beans (Pulses)","213.0","Pulses","Total",119,"Hectare",193,"Tonnes",1.622,"Tonnes/Hectare"
"2020-2021","Bihar","10","Sitamarhi","221","Masoor","205.0","Pulses","Rabi",2386,"Hectare",1801,"Tonnes",0.755,"Tonnes/Hectare"
"2014-2015","Uttar Pradesh","9","Mahrajganj","164","Linseed","1005.0","Oilseeds","Rabi",171,"Hectare",99,"Tonnes",0.579,"Tonnes/Hectare"
"2020-2021","Gujarat","24","Rajkot","457","Garlic","508.0","Spices","Whole Year",4449,"Hectare",35992,"Tonnes",8.09,"Tonnes/Hectare"
"1998-1999","Maharashtra","27","Nashik","487","Sesamum","1003.0","Oilseeds","Rabi",100,"Hectare",100,"Tonnes",1,"Tonnes/Hectare"
"2021-2022","Uttar Pradesh","9","Pratapgarh","174","Moong(Green Gram)","204.0","Pulses","Total",1328,"Hectare",1169,"Tonnes",0.88,"Tonnes/Hectare"
"2009-2010","Bihar","10","Bhagalpur","192","Maize","104.0","Cereals","Autumn",20456,"Hectare",29309,"Tonnes",1.433,"Tonnes/Hectare"
"2014-2015","Bihar","10","Munger","207","Barley","107.0","Cereals","Rabi",1,"Hectare",1,"Tonnes",1,"Tonnes/Hectare"
"2009-2010","Uttar Pradesh","9","Fatehpur","142","Jowar","102.0","Cereals","Kharif",8000,"Hectare",11601,"Tonnes",1.45,"Tonnes/Hectare"
"2015-2016","West Bengal","19","Hooghly","312","Maize","104.0","Cereals","Summer",238,"Hectare",481,"Tonnes",2.021,"Tonnes/Hectare"
"2014-2015","Andhra Pradesh","28","Visakhapatnam","520","Urad","203.0","Pulses","Rabi",6257,"Hectare",3322,"Tonnes",0.531,"Tonnes/Hectare"
"2022-2023","Himachal Pradesh","2","Kangra","18","Barley","107.0","Cereals","Rabi",1748,"Hectare",2970,"Tonnes",1.699,"Tonnes/Hectare"
"2015-2016","Odisha","21","Khordha","362","Moong(Green Gram)","204.0","Pulses","Winter",1144,"Hectare",298.6,"Tonnes",0.261,"Tonnes/Hectare"
"2016-2017","Madhya Pradesh","23","Sheopur","431","Gram","201.0","Pulses","Rabi",20000,"Hectare",36000,"Tonnes",1.8,"Tonnes/Hectare"
"1999-2000","West Bengal","19","Malda","316","Sugarcane","401.0","Sugar","Whole Year",6115,"Hectare",474091,"Tonnes",77.529,"Tonnes/Hectare"
"2005-2006","Bihar","10","Arwal","611","Sugarcane","401.0","Sugar","Whole Year",65,"Hectare",1710,"Tonnes",26.308,"Tonnes/Hectare"
"2021-2022","Haryana","6","Hisar","63","Maize","104.0","Cereals","Kharif",23,"Hectare",90,"Tonnes",3.913,"Tonnes/Hectare"
"2005-2006","Kerala","32","Kannur","557","Tapioca","702.0","Vegetable","Whole Year",2442,"Hectare",63880,"Tonnes",26.159,"Tonnes/Hectare"
"2021-2022","Uttar Pradesh","9","Kannauj","155","Dry Chillies","502.0","Spices","Kharif",106,"Hectare",94,"Tonnes",0.887,"Tonnes/Hectare"
"2000-2001","Odisha","21","Sambalpur","371","Wheat","106.0","Cereals","Rabi",450,"Hectare",692.1,"Tonnes",1.538,"Tonnes/Hectare"
"2008-2009","Haryana","6","Rewari","72","Peas & Beans (Pulses)","213.0","Pulses","Rabi",224,"Hectare",100,"Tonnes",0.446,"Tonnes/Hectare"
"2010-2011","Assam","18","Chirang","612","Castor Seed","1002.0","Oilseeds","Kharif",6,"Hectare",2,"Tonnes",0.333,"Tonnes/Hectare"
"2016-2017","Tamil Nadu","33","Cuddalore","570","Dry Chillies","502.0","Spices","Whole Year",437,"Hectare",201,"Tonnes",0.46,"Tonnes/Hectare"
"2001-2002","Uttar Pradesh","9","Gorakhpur","148","Potato","701.0","Vegetable","Whole Year",4038,"Hectare",55381,"Tonnes",13.715,"Tonnes/Hectare"
"2022-2023","Odisha","21","Cuttack","350","Sugarcane","401.0","Sugar","Winter",489,"Hectare",31734.6,"Tonnes",64.897,"Tonnes/Hectare"
"2017-2018","Bihar","10","Bhagalpur","192","Maize","104.0","Cereals","Total",38907,"Hectare",179464,"Tonnes",4.613,"Tonnes/Hectare"
"2007-2008","Gujarat","24","Surat","459","Jowar","102.0","Cereals","Kharif",34300,"Hectare",47900,"Tonnes",1.397,"Tonnes/Hectare"
"2021-2022","Karnataka","29","Haveri","540","Onion","708.0","Vegetable","Rabi",226,"Hectare",1204,"Tonnes",5.327,"Tonnes/Hectare"
"2015-2016","Uttar Pradesh","9","Farrukhabad","141","Maize","104.0","Cereals","Kharif",32828,"Hectare",68840,"Tonnes",2.097,"Tonnes/Hectare"
"2005-2006","Madhya Pradesh","23","Balaghat","392","Gram","201.0","Pulses","Rabi",7462,"Hectare",5906,"Tonnes",0.791,"Tonnes/Hectare"
"2009-2010","Odisha","21","Bargarh","347","Wheat","106.0","Cereals","Summer",214,"Hectare",314.6,"Tonnes",1.47,"Tonnes/Hectare"
"2018-2019","Tamil Nadu","33","Coimbatore","569","Urad","203.0","Pulses","Kharif",98,"Hectare",74,"Tonnes",0.755,"Tonnes/Hectare"
"2019-2020","Himachal Pradesh","2","Sirmaur","24","Sugarcane","401.0","Sugar","Whole Year",865,"Hectare",24315,"Tonnes",28.11,"Tonnes/Hectare"
"2014-2015","Meghalaya","17","Ri Bhoi","276","Small Millets","108.0","Cereals","Rabi",27,"Hectare",31,"Tonnes",1.148,"Tonnes/Hectare"
"2014-2015","Uttar Pradesh","9","Firozabad","143","Sunflower","1007.0","Oilseeds","Summer",314,"Hectare",537,"Tonnes",1.71,"Tonnes/Hectare"
"2018-2019","Uttar Pradesh","9","Kasganj","633","Onion","708.0","Vegetable","Rabi",155,"Hectare",2399,"Tonnes",15.477,"Tonnes/Hectare"
"1997-1998","Bihar","10","Sheohar","220","Maize","104.0","Cereals","Total",2019,"Hectare",4712,"Tonnes",2.334,"Tonnes/Hectare"
"2010-2011","Telangana","36","Mahabubnagar","512","Dry Chillies","502.0","Spices","Total",7254,"Hectare",30109,"Tonnes",4.151,"Tonnes/Hectare"
"2002-2003","Maharashtra","27","Dharashiv","488","Gram","201.0","Pulses","Rabi",58400,"Hectare",22200,"Tonnes",0.38,"Tonnes/Hectare"
"2017-2018","Uttar Pradesh","9","Hathras","163","Groundnut","1001.0","Oilseeds","Kharif",2,"Hectare",2,"Tonnes",1,"Tonnes/Hectare"
"1997-1998","Andhra Pradesh","28","Ananthapuramu","502","Sunflower","1007.0","Oilseeds","Total",66000,"Hectare",22200,"Tonnes",0.336,"Tonnes/Hectare"
"2011-2012","Maharashtra","27","Thane","497","Small Millets","108.0","Cereals","Total",12400,"Hectare",8400,"Tonnes",0.677,"Tonnes/Hectare"
"2022-2023","Odisha","21","Ganjam","354","Maize","104.0","Cereals","Total",998,"Hectare",1945.3,"Tonnes",1.949,"Tonnes/Hectare"
"2019-2020","Uttar Pradesh","9","Banda","128","Guar Seed","727.0","Vegetable","Kharif",28,"Hectare",20,"Tonnes",0.714,"Tonnes/Hectare"
"2020-2021","Telangana","36","Mancherial","684","Sunflower","1007.0","Oilseeds","Rabi",53,"Hectare",145,"Tonnes",2.736,"Tonnes/Hectare"
"2022-2023","Maharashtra","27","Palghar","665","Arhar/Tur","202.0","Pulses","Kharif",2903,"Hectare",1865,"Tonnes",0.642,"Tonnes/Hectare"
"2013-2014","Gujarat","24","Jamnagar","447","Garlic","508.0","Spices","Whole Year",7230,"Hectare",41348,"Tonnes",5.719,"Tonnes/Hectare"
"1997-1998","Tamil Nadu","33","Cuddalore","570","Groundnut","1001.0","Oilseeds","Whole Year",40268,"Hectare",85120,"Tonnes",2.114,"Tonnes/Hectare"
"2020-2021","Chhattisgarh","22","Sukma","642","Sweet Potato","703.0","Vegetable","Whole Year",17,"Hectare",122,"Tonnes",7.176,"Tonnes/Hectare"
"2008-2009","Bihar","10","Samastipur","217","Rice","101.0","Cereals","Summer",1555,"Hectare",2742,"Tonnes",1.763,"Tonnes/Hectare"
"2016-2017","Jharkhand","20","Jamtara","333","Arhar/Tur","202.0","Pulses","Rabi",25,"Hectare",19,"Tonnes",0.76,"Tonnes/Hectare"
"1997-1998","Bihar","10","Madhepura","205","Ginger","503.0","Spices","Kharif",20,"Hectare",28,"Tonnes",1.4,"Tonnes/Hectare"
"2005-2006","Uttar Pradesh","9","Bulandshahr","134","Rice","101.0","Cereals","Kharif",45027,"Hectare",102031,"Tonnes",2.266,"Tonnes/Hectare"
"2002-2003","Uttar Pradesh","9","Kannauj","155","Rapeseed &Mustard","1004.0","Oilseeds","Rabi",10243,"Hectare",11465,"Tonnes",1.119,"Tonnes/Hectare"
"2006-2007","Rajasthan","8","Baran","89","Jowar","102.0","Cereals","Kharif",2075,"Hectare",3310,"Tonnes",1.595,"Tonnes/Hectare"
"2003-2004","Chhattisgarh","22","Bilaspur","375","Sannhamp","1104.0","Fiber Crops","Whole Year",121,"Hectare",35,"Tonnes",0.289,"Tonnes/Hectare"
"2004-2005","Madhya Pradesh","23","Ujjain","435","Cotton(Lint)","1101.0","Fiber Crops","Kharif",172,"Hectare",134,"Tonnes",0.779,"Tonnes/Hectare"
"2016-2017","Jammu And Kashmir","1","Kathua","7","Maize","104.0","Cereals","Kharif",15304,"Hectare",39381,"Tonnes",2.573,"Tonnes/Hectare"
"2010-2011","Mizoram","15","Aizawl","261","Cowpea(Lobia)","288.0","Pulses","Rabi",150,"Hectare",211,"Tonnes",1.407,"Tonnes/Hectare"
"2002-2003","Nagaland","13","Tuensang","249","Barley","107.0","Cereals","Rabi",600,"Hectare",1110,"Tonnes",1.85,"Tonnes/Hectare"
"2022-2023","Uttar Pradesh","9","Shahjahanpur","180","Maize","104.0","Cereals","Total",2537,"Hectare",5724,"Tonnes",2.256,"Tonnes/Hectare"
"2017-2018","Karnataka","29","Bengaluru South","631","Urad","203.0","Pulses","Kharif",10,"Hectare",5,"Tonnes",0.5,"Tonnes/Hectare"
"2006-2007","Nagaland","13","Tuensang","249","Sesamum","1003.0","Oilseeds","Kharif",570,"Hectare",380,"Tonnes",0.667,"Tonnes/Hectare"
"2002-2003","Uttar Pradesh","9","Hamirpur","149","Soyabean","1009.0","Oilseeds","Kharif",51,"Hectare",8,"Tonnes",0.157,"Tonnes/Hectare"
"2015-2016","Madhya Pradesh","23","Satna","426","Maize","104.0","Cereals","Kharif",3000,"Hectare",6000,"Tonnes",2,"Tonnes/Hectare"
"2021-2022","West Bengal","19","Murshidabad","319","Sesamum","1003.0","Oilseeds","Summer",24074,"Hectare",21971,"Tonnes",0.913,"Tonnes/Hectare"
"2001-2002","Maharashtra","27","Yavatmal","500","Other Rabi Pulses","288.0","Pulses","Rabi",800,"Hectare",400,"Tonnes",0.5,"Tonnes/Hectare"
"2005-2006","Jammu And Kashmir","1","Rajouri","12","Urad","203.0","Pulses","Kharif",383,"Hectare",191.8,"Tonnes",0.501,"Tonnes/Hectare"
"2022-2023","Bihar","10","Sitamarhi","221","Sesamum","1003.0","Oilseeds","Kharif",38,"Hectare",33,"Tonnes",0.868,"Tonnes/Hectare"
"2013-2014","Odisha","21","Angul","344","Groundnut","1001.0","Oilseeds","Total",1894,"Hectare",2282.9,"Tonnes",1.205,"Tonnes/Hectare"
"2003-2004","Andhra Pradesh","28","Sri Potti Sriramulu Nellore","515","Bajra","103.0","Cereals","Total",1228,"Hectare",2002,"Tonnes",1.63,"Tonnes/Hectare"
"2022-2023","Maharashtra","27","Amravati","468","Arhar/Tur","202.0","Pulses","Kharif",116835,"Hectare",39630,"Tonnes",0.339,"Tonnes/Hectare"
"2015-2016","Uttar Pradesh","9","Sonbhadra","184","Moong(Green Gram)","204.0","Pulses","Kharif",30,"Hectare",7,"Tonnes",0.233,"Tonnes/Hectare"
"2016-2017","Karnataka","29","Mysuru","545","Cowpea(Lobia)","288.0","Pulses","Rabi",1307,"Hectare",31,"Tonnes",0.024,"Tonnes/Hectare"
"2022-2023","Jharkhand","20","Deoghar","324","Sunflower","1007.0","Oilseeds","Kharif",2,"Hectare",2,"Tonnes",1,"Tonnes/Hectare"
"2015-2016","Arunachal Pradesh","12","Siang","679","Dry Chillies","502.0","Spices","Whole Year",121,"Hectare",361,"Tonnes",2.983,"Tonnes/Hectare"
"2020-2021","Karnataka","29","Davanagere","535","Rice","101.0","Cereals","Summer",59304,"Hectare",195466,"Tonnes",3.296,"Tonnes/Hectare"
"2010-2011","Haryana","6","Jind","65","Bajra","103.0","Cereals","Kharif",43201,"Hectare",89000,"Tonnes",2.06,"Tonnes/Hectare"
"2014-2015","Bihar","10","Purbi Champaran","213","Rice","101.0","Cereals","Winter",96376,"Hectare",181633,"Tonnes",1.885,"Tonnes/Hectare"
"2022-2023","Uttarakhand","5","Nainital","51","Maize","104.0","Cereals","Summer",1,"Hectare",3,"Tonnes",3,"Tonnes/Hectare"
"2010-2011","Gujarat","24","Dangs","444","Urad","203.0","Pulses","Kharif",5300,"Hectare",3500,"Tonnes",0.66,"Tonnes/Hectare"
"2016-2017","Gujarat","24","Panch Mahals","454","Moong(Green Gram)","204.0","Pulses","Kharif",74,"Hectare",34,"Tonnes",0.459,"Tonnes/Hectare"
"2019-2020","Bihar","10","Sheohar","220","Moong(Green Gram)","204.0","Pulses","Summer",1033,"Hectare",623,"Tonnes",0.603,"Tonnes/Hectare"
"2012-2013","Gujarat","24","Gandhinagar","446","Rapeseed &Mustard","1004.0","Oilseeds","Rabi",3800,"Hectare",6100,"Tonnes",1.605,"Tonnes/Hectare"
"2013-2014","Odisha","21","Mayurbhanj","365","Maize","104.0","Cereals","Winter",22,"Hectare",44.4,"Tonnes",2.018,"Tonnes/Hectare"
"2007-2008","Tamil Nadu","33","Krishnagiri","577","Coriander","509.0","Spices","Whole Year",109,"Hectare",42,"Tonnes",0.385,"Tonnes/Hectare"
"1999-2000","Tamil Nadu","33","Namakkal","580","Varagu","188.0","Cereals","Kharif",261,"Hectare",193,"Tonnes",0.739,"Tonnes/Hectare"
"2008-2009","Madhya Pradesh","23","Burhanpur","397","Maize","104.0","Cereals","Kharif",4233,"Hectare",7692,"Tonnes",1.817,"Tonnes/Hectare"
"2015-2016","Chhattisgarh","22","Raigarh","386","Moong(Green Gram)","204.0","Pulses","Rabi",1657,"Hectare",1246,"Tonnes",0.752,"Tonnes/Hectare"
"2013-2014","Assam","18","Baksa","616","Rice","101.0","Cereals","Autumn",10200,"Hectare",16672,"Tonnes",1.635,"Tonnes/Hectare"
"1999-2000","Tamil Nadu","33","Vellore","595","Castor Seed","1002.0","Oilseeds","Kharif",738,"Hectare",280,"Tonnes",0.379,"Tonnes/Hectare"
"2015-2016","Tamil Nadu","33","Theni","588","Groundnut","1001.0","Oilseeds","Rabi",221,"Hectare",728,"Tonnes",3.294,"Tonnes/Hectare"
"2010-2011","Andhra Pradesh","28","Guntur","506","Castor Seed","1002.0","Oilseeds","Kharif",1780,"Hectare",603,"Tonnes",0.339,"Tonnes/Hectare"
"2019-2020","Meghalaya","17","South Garo Hills","277","Cashewnut","619.0","Fruits","Rabi",4443,"Hectare",3638,"Tonnes",0.819,"Tonnes/Hectare"
"2018-2019","Uttar Pradesh","9","Mahoba","165","Potato","701.0","Vegetable","Rabi",115,"Hectare",3433,"Tonnes",29.852,"Tonnes/Hectare"
"2006-2007","Assam","18","Karbi Anglong","292","Masoor","205.0","Pulses","Rabi",205,"Hectare",98,"Tonnes",0.478,"Tonnes/Hectare"
"2013-2014","Madhya Pradesh","23","Katni","413","Garlic","508.0","Spices","Whole Year",102,"Hectare",283,"Tonnes",2.775,"Tonnes/Hectare"
"2022-2023","Telangana","36","Medak","513","Dry Chillies","502.0","Spices","Rabi",6,"Hectare",31,"Tonnes",5.167,"Tonnes/Hectare"
"2016-2017","Tamil Nadu","33","Theni","588","Ragi","105.0","Cereals","Kharif",7,"Hectare",12,"Tonnes",1.714,"Tonnes/Hectare"
"2010-2011","Uttar Pradesh","9","Deoria","137","Onion","708.0","Vegetable","Rabi",29,"Hectare",534,"Tonnes",18.414,"Tonnes/Hectare"
"2013-2014","Madhya Pradesh","23","Jhabua","412","Garlic","508.0","Spices","Whole Year",204,"Hectare",774,"Tonnes",3.794,"Tonnes/Hectare"
"2009-2010","Chhattisgarh","22","Mahasamund","385","Jowar","102.0","Cereals","Kharif",30,"Hectare",35,"Tonnes",1.167,"Tonnes/Hectare"
"2016-2017","Andhra Pradesh","28","Ananthapuramu","502","Cowpea(Lobia)","288.0","Pulses","Total",516,"Hectare",23,"Tonnes",0.045,"Tonnes/Hectare"
"2003-2004","Chhattisgarh","22","Durg","378","Urad","203.0","Pulses","Total",4781,"Hectare",1257,"Tonnes",0.263,"Tonnes/Hectare"
"2016-2017","Chhattisgarh","22","Balrampur-Ramanujganj","649","Other Kharif Pulses","288.0","Pulses","Kharif",326,"Hectare",76,"Tonnes",0.233,"Tonnes/Hectare"
"2018-2019","Tamil Nadu","33","Theni","588","Small Millets","108.0","Cereals","Total",60,"Hectare",100,"Tonnes",1.667,"Tonnes/Hectare"
"2008-2009","Rajasthan","8","Jhalawar","105","Moong(Green Gram)","204.0","Pulses","Kharif",226,"Hectare",95,"Tonnes",0.42,"Tonnes/Hectare"
"2018-2019","Odisha","21","Jagatsinghapur","355","Horse-Gram","206.0","Pulses","Winter",206,"Hectare",81,"Tonnes",0.393,"Tonnes/Hectare"
"2018-2019","Tamil Nadu","33","Tiruppur","634","Gram","201.0","Pulses","Rabi",2134,"Hectare",1976,"Tonnes",0.926,"Tonnes/Hectare"
"2001-2002","Bihar","10","Samastipur","217","Small Millets","108.0","Cereals","Kharif",59,"Hectare",47,"Tonnes",0.797,"Tonnes/Hectare"
"2015-2016","Assam","18","Tinsukia","302","Mesta","1103.0","Fiber Crops","Kharif",1,"Hectare",5,"Tonnes",5,"Tonnes/Hectare"
"2022-2023","Andhra Pradesh","28","Anakapalli","744","Moong(Green Gram)","204.0","Pulses","Kharif",156,"Hectare",100,"Tonnes",0.641,"Tonnes/Hectare"
"2013-2014","Jharkhand","20","Sahebganj","340","Onion","708.0","Vegetable","Rabi",99,"Hectare",1084,"Tonnes",10.949,"Tonnes/Hectare"
"1999-2000","Rajasthan","8","Bharatpur","91","Sweet Potato","703.0","Vegetable","Whole Year",504,"Hectare",1572,"Tonnes",3.119,"Tonnes/Hectare"
"2010-2011","West Bengal","19","Cooch Behar","308","Tobacco","1302.0","Drugs And Narcotics","Whole Year",13475,"Hectare",20483,"Tonnes",1.52,"Tonnes/Hectare"
"2022-2023","Odisha","21","Sundargarh","373","Maize","104.0","Cereals","Summer",42,"Hectare",127.4,"Tonnes",3.033,"Tonnes/Hectare"
"2003-2004","Madhya Pradesh","23","Damoh","400","Groundnut","1001.0","Oilseeds","Kharif",803,"Hectare",688,"Tonnes",0.857,"Tonnes/Hectare"
"2005-2006","Madhya Pradesh","23","Khandwa (East Nimar)","405","Sweet Potato","703.0","Vegetable","Whole Year",53,"Hectare",284,"Tonnes",5.358,"Tonnes/Hectare"
"1999-2000","West Bengal","19","Purba Bardhaman","306","Arecanut","507.0","Spices","Whole Year",108,"Hectare",320,"Tonnes",2.963,"Tonnes/Hectare"
"2021-2022","Odisha","21","Nuapada","368","Maize","104.0","Cereals","Summer",3,"Hectare",6.8,"Tonnes",2.267,"Tonnes/Hectare"
"2014-2015","Odisha","21","Bargarh","347","Rapeseed &Mustard","1004.0","Oilseeds","Winter",446,"Hectare",147.2,"Tonnes",0.33,"Tonnes/Hectare"
"2013-2014","Assam","18","Sonitpur","301","Pineapple","623.0","Fruits","Rabi",845,"Hectare",14907,"Tonnes",17.641,"Tonnes/Hectare"
"1998-1999","Bihar","10","Aurangabad","189","Sesamum","1003.0","Oilseeds","Kharif",345,"Hectare",180,"Tonnes",0.522,"Tonnes/Hectare"
"2005-2006","Rajasthan","8","Barmer","90","Rapeseed &Mustard","1004.0","Oilseeds","Rabi",22065,"Hectare",27099,"Tonnes",1.228,"Tonnes/Hectare"
"2004-2005","Uttar Pradesh","9","Kanpur Dehat","156","Wheat","106.0","Cereals","Rabi",116802,"Hectare",377903,"Tonnes",3.235,"Tonnes/Hectare"
"2005-2006","Assam","18","Golaghat","288","Tapioca","702.0","Vegetable","Whole Year",10,"Hectare",40,"Tonnes",4,"Tonnes/Hectare"
"2017-2018","Assam","18","Jorhat","290","Peas & Beans (Pulses)","213.0","Pulses","Rabi",2279,"Hectare",2187,"Tonnes",0.96,"Tonnes/Hectare"
"2015-2016","Tamil Nadu","33","Theni","588","Small Millets","108.0","Cereals","Total",35,"Hectare",46,"Tonnes",1.314,"Tonnes/Hectare"
"2004-2005","Bihar","10","Nalanda","209","Turmeric","504.0","Spices","Whole Year",2,"Hectare",2,"Tonnes",1,"Tonnes/Hectare"
"2019-2020","Arunachal Pradesh","12","Upper Subansiri","241","Urad","203.0","Pulses","Kharif",42,"Hectare",60,"Tonnes",1.429,"Tonnes/Hectare"
"2008-2009","Uttarakhand","5","Almora","45","Other Cereals","188.0","Cereals","Rabi",222,"Hectare",159,"Tonnes",0.716,"Tonnes/Hectare"
"2002-2003","Tamil Nadu","33","Ramanathapuram","583","Mango","601.0","Fruits","Whole Year",121,"Hectare",725,"Tonnes",5.992,"Tonnes/Hectare"
"2012-2013","Karnataka","29","Chitradurga","533","Groundnut","1001.0","Oilseeds","Total",74553,"Hectare",45214,"Tonnes",0.606,"Tonnes/Hectare"
"2022-2023","Jharkhand","20","Koderma","334","Rapeseed &Mustard","1004.0","Oilseeds","Rabi",15987,"Hectare",14388,"Tonnes",0.9,"Tonnes/Hectare"
"2012-2013","Bihar","10","Supaul","223","Maize","104.0","Cereals","Autumn",2446,"Hectare",14331,"Tonnes",5.859,"Tonnes/Hectare"
"2007-2008","Punjab","3","Hoshiarpur","33","Sesamum","1003.0","Oilseeds","Kharif",700,"Hectare",100,"Tonnes",0.143,"Tonnes/Hectare"
"2012-2013","Maharashtra","27","Solapur","496","Soyabean","1009.0","Oilseeds","Kharif",5500,"Hectare",11500,"Tonnes",2.091,"Tonnes/Hectare"
"2002-2003","Punjab","3","Fatehgarh Sahib","30","Arhar/Tur","202.0","Pulses","Kharif",200,"Hectare",200,"Tonnes",1,"Tonnes/Hectare"
"2001-2002","Gujarat","24","Panch Mahals","454","Rapeseed &Mustard","1004.0","Oilseeds","Rabi",400,"Hectare",500,"Tonnes",1.25,"Tonnes/Hectare"
"2019-2020","Uttar Pradesh","9","Etawah","139","Urad","203.0","Pulses","Total",1430,"Hectare",1101,"Tonnes",0.77,"Tonnes/Hectare"
"2008-2009","Tamil Nadu","33","Namakkal","580","Maize","104.0","Cereals","Whole Year",7937,"Hectare",43589,"Tonnes",5.492,"Tonnes/Hectare"
"1997-1998","Tamil Nadu","33","Thoothukkudi","594","Urad","203.0","Pulses","Whole Year",15325,"Hectare",7240,"Tonnes",0.472,"Tonnes/Hectare"
"2015-2016","Manipur","14","Churachandpur","254","Wheat","106.0","Cereals","Rabi",460,"Hectare",1130,"Tonnes",2.457,"Tonnes/Hectare"
"2000-2001","West Bengal","19","South 24 Parganas","304","Rice","101.0","Cereals","Winter",335463,"Hectare",628220,"Tonnes",1.873,"Tonnes/Hectare"
"2017-2018","Rajasthan","8","Sirohi","115","Banana","606.0","Fruits","Whole Year",3,"Hectare",3,"Tonnes",1,"Tonnes/Hectare"
"2018-2019","Arunachal Pradesh","12","Lower Dibang Valley","235","Urad","203.0","Pulses","Kharif",86,"Hectare",78,"Tonnes",0.907,"Tonnes/Hectare"
"2011-2012","Telangana","36","Medak","513","Rice","101.0","Cereals","Rabi",46632,"Hectare",121383,"Tonnes",2.603,"Tonnes/Hectare"
"2013-2014","Puducherry","34","Puducherry","600","Other Rabi Pulses","288.0","Pulses","Summer",1,"Hectare",1,"Tonnes",1,"Tonnes/Hectare"
"2016-2017","Uttar Pradesh","9","Bara Banki","129","Dry Chillies","502.0","Spices","Kharif",262,"Hectare",242,"Tonnes",0.924,"Tonnes/Hectare"
"2011-2012","Uttar Pradesh","9","Kheri","159","Urad","203.0","Pulses","Summer",155,"Hectare",88,"Tonnes",0.568,"Tonnes/Hectare"
"2014-2015","Karnataka","29","Hassan","539","Tobacco","1302.0","Drugs And Narcotics","Whole Year",12037,"Hectare",10543,"Tonnes",0.876,"Tonnes/Hectare"
"2019-2020","Karnataka","29","Davanagere","535","Cowpea(Lobia)","288.0","Pulses","Rabi",276,"Hectare",135,"Tonnes",0.489,"Tonnes/Hectare"
"2012-2013","Rajasthan","8","Chittorgarh","95","Peas & Beans (Pulses)","213.0","Pulses","Rabi",188,"Hectare",207,"Tonnes",1.101,"Tonnes/Hectare"
"2001-2002","Maharashtra","27","Akola","467","Rapeseed &Mustard","1004.0","Oilseeds","Rabi",100,"Hectare",10,"Tonnes",0.1,"Tonnes/Hectare"
"2007-2008","Andhra Pradesh","28","Visakhapatnam","520","Dry Chillies","502.0","Spices","Kharif",1000,"Hectare",3000,"Tonnes",3,"Tonnes/Hectare"
"2019-2020","Bihar","10","Pashchim Champaran","211","Wheat","106.0","Cereals","Rabi",71187,"Hectare",204770,"Tonnes",2.877,"Tonnes/Hectare"
"2008-2009","West Bengal","19","Jalpaiguri","314","Rice","101.0","Cereals","Winter",179331,"Hectare",301641,"Tonnes",1.682,"Tonnes/Hectare"
"2012-2013","Kerala","32","Idukki","556","Papaya","615.0","Fruits","Whole Year",916,"Hectare",6251,"Tonnes",6.824,"Tonnes/Hectare"
"2004-2005","Odisha","21","Bargarh","347","Rapeseed &Mustard","1004.0","Oilseeds","Winter",460,"Hectare",121.9,"Tonnes",0.265,"Tonnes/Hectare"
"1998-1999","Uttar Pradesh","9","Pratapgarh","174","Rice","101.0","Cereals","Kharif",111838,"Hectare",174882,"Tonnes",1.564,"Tonnes/Hectare"
"2011-2012","Rajasthan","8","Bharatpur","91","Coriander","509.0","Spices","Whole Year",17,"Hectare",21,"Tonnes",1.235,"Tonnes/Hectare"
"2008-2009","Maharashtra","27","Jalna","479","Sunflower","1007.0","Oilseeds","Kharif",1500,"Hectare",700,"Tonnes",0.467,"Tonnes/Hectare"
"2017-2018","Maharashtra","27","Gadchiroli","475","Other Cereals","188.0","Cereals","Kharif",150,"Hectare",45,"Tonnes",0.3,"Tonnes/Hectare"
"2003-2004","Karnataka","29","Uttara Kannada","550","Gram","201.0","Pulses","Rabi",10,"Hectare",3,"Tonnes",0.3,"Tonnes/Hectare"
"2021-2022","Uttar Pradesh","9","Mirzapur","170","Rice","101.0","Cereals","Kharif",87568,"Hectare",273650,"Tonnes",3.125,"Tonnes/Hectare"
"2002-2003","Manipur","14","Tamenglong","258","Pineapple","623.0","Fruits","Whole Year",750,"Hectare",5720,"Tonnes",7.627,"Tonnes/Hectare"
"2018-2019","Madhya Pradesh","23","Barwani","393","Ginger","503.0","Spices","Whole Year",347,"Hectare",5205,"Tonnes",15,"Tonnes/Hectare"
"2015-2016","Odisha","21","Kandhamal","359","Groundnut","1001.0","Oilseeds","Autumn",125,"Hectare",113.5,"Tonnes",0.908,"Tonnes/Hectare"
"2003-2004","Puducherry","34","Karaikal","598","Sugarcane","401.0","Sugar","Whole Year",23,"Hectare",564,"Tonnes",24.522,"Tonnes/Hectare"
"2001-2002","Nagaland","13","Dimapur","244","Peas & Beans (Pulses)","213.0","Pulses","Total",1570,"Hectare",1620,"Tonnes",1.032,"Tonnes/Hectare"
"2007-2008","Assam","18","Kamrup Metro","618","Cotton(Lint)","1101.0","Fiber Crops","Kharif",2,"Hectare",1,"Tonnes",0.5,"Tonnes/Hectare"
"1998-1999","Odisha","21","Kalahandi","358","Moong(Green Gram)","204.0","Pulses","Autumn",114,"Hectare",26,"Tonnes",0.228,"Tonnes/Hectare"
"2012-2013","West Bengal","19","Bankura","305","Horse-Gram","206.0","Pulses","Kharif",27,"Hectare",14,"Tonnes",0.519,"Tonnes/Hectare"
"2004-2005","Bihar","10","Sheohar","220","Tobacco","1302.0","Drugs And Narcotics","Whole Year",63,"Hectare",73,"Tonnes",1.159,"Tonnes/Hectare"
"2000-2001","Uttar Pradesh","9","Prayagraj","120","Jowar","102.0","Cereals","Kharif",10292,"Hectare",7671,"Tonnes",0.745,"Tonnes/Hectare"
"2002-2003","Madhya Pradesh","23","Gwalior","407","Coriander","509.0","Spices","Whole Year",30,"Hectare",8,"Tonnes",0.267,"Tonnes/Hectare"
"2016-2017","Andhra Pradesh","28","Y.S.R. Kadapa","504","Rapeseed &Mustard","1004.0","Oilseeds","Kharif",6,"Hectare",3,"Tonnes",0.5,"Tonnes/Hectare"
"2013-2014","Uttar Pradesh","9","Balrampur","127","Wheat","106.0","Cereals","Rabi",85817,"Hectare",236801,"Tonnes",2.759,"Tonnes/Hectare"
"2013-2014","Assam","18","Nagaon","297","Niger Seed","1010.0","Oilseeds","Kharif",494,"Hectare",271,"Tonnes",0.549,"Tonnes/Hectare"
"2018-2019","Tamil Nadu","33","Kanniyakumari","575","Rice","101.0","Cereals","Winter",5953,"Hectare",25540,"Tonnes",4.29,"Tonnes/Hectare"
"2006-2007","Uttar Pradesh","9","Kannauj","155","Sugarcane","401.0","Sugar","Kharif",358,"Hectare",20322,"Tonnes",56.765,"Tonnes/Hectare"
"2021-2022","Uttar Pradesh","9","Deoria","137","Wheat","106.0","Cereals","Rabi",159816,"Hectare",534585,"Tonnes",3.345,"Tonnes/Hectare"
"2014-2015","Maharashtra","27","Hingoli","477","Small Millets","108.0","Cereals","Rabi",900,"Hectare",200,"Tonnes",0.222,"Tonnes/Hectare"
"2011-2012","Madhya Pradesh","23","Mandla","415","Dry Chillies","502.0","Spices","Whole Year",155,"Hectare",109,"Tonnes",0.703,"Tonnes/Hectare"
"2002-2003","Kerala","32","Ernakulam","555","Bitter Gourd","725.0","Vegetable","Whole Year",142,"Hectare",0,"Tonnes",0,"Tonnes/Hectare"
"2001-2002","Karnataka","29","Mysuru","545","Horse-Gram","206.0","Pulses","Total",60264,"Hectare",40343,"Tonnes",0.669,"Tonnes/Hectare"
"2017-2018","Telangana","36","Medak","513","Moong(Green Gram)","204.0","Pulses","Kharif",2063,"Hectare",1362,"Tonnes",0.66,"Tonnes/Hectare"
"2013-2014","Assam","18","Dhubri","285","Arhar/Tur","202.0","Pulses","Kharif",80,"Hectare",67,"Tonnes",0.838,"Tonnes/Hectare"
"2003-2004","Andhra Pradesh","28","Chittoor","503","Cashewnut","619.0","Fruits","Whole Year",124,"Hectare",33,"Tonnes",0.266,"Tonnes/Hectare"
"2011-2012","West Bengal","19","Darjeeling","309","Khesari","521.0","Spices","Rabi",8,"Hectare",8,"Tonnes",1,"Tonnes/Hectare"
"2009-2010","Rajasthan","8","Chittorgarh","95","Masoor","205.0","Pulses","Rabi",426,"Hectare",294,"Tonnes",0.69,"Tonnes/Hectare"
"2008-2009","Maharashtra","27","Ahilyanagar","466","Sesamum","1003.0","Oilseeds","Kharif",100,"Hectare",100,"Tonnes",1,"Tonnes/Hectare"
"2019-2020","Uttar Pradesh","9","Amethi","640","Sweet Potato","703.0","Vegetable","Kharif",936,"Hectare",10991,"Tonnes",11.743,"Tonnes/Hectare"
"2022-2023","Rajasthan","8","Bikaner","93","Other Kharif Pulses","288.0","Pulses","Kharif",3,"Hectare",2,"Tonnes",0.667,"Tonnes/Hectare"
"2017-2018","Tamil Nadu","33","Tirunelveli","592","Small Millets","108.0","Cereals","Total",3,"Hectare",1,"Tonnes",0.333,"Tonnes/Hectare"
"2000-2001","Haryana","6","Karnal","67","Masoor","205.0","Pulses","Rabi",714,"Hectare",600,"Tonnes",0.84,"Tonnes/Hectare"
"2014-2015","Andhra Pradesh","28","Y.S.R. Kadapa","504","Turmeric","504.0","Spices","Kharif",3285,"Hectare",26694,"Tonnes",8.126,"Tonnes/Hectare"
"2014-2015","Madhya Pradesh","23","Anuppur","390","Masoor","205.0","Pulses","Rabi",9000,"Hectare",8000,"Tonnes",0.889,"Tonnes/Hectare"
"2007-2008","Bihar","10","Begusarai","191","Coriander","509.0","Spices","Whole Year",45,"Hectare",33,"Tonnes",0.733,"Tonnes/Hectare"
"1997-1998","Assam","18","Tinsukia","302","Sugarcane","401.0","Sugar","Kharif",484,"Hectare",19897,"Tonnes",41.11,"Tonnes/Hectare"
"2014-2015","Odisha","21","Jharsuguda","357","Groundnut","1001.0","Oilseeds","Summer",58,"Hectare",94,"Tonnes",1.621,"Tonnes/Hectare"
"2005-2006","Uttarakhand","5","Uttarkashi","57","Potato","701.0","Vegetable","Whole Year",3456,"Hectare",58061,"Tonnes",16.8,"Tonnes/Hectare"
"1997-1998","Karnataka","29","Kolar","542","Maize","104.0","Cereals","Summer",740,"Hectare",1601,"Tonnes",2.164,"Tonnes/Hectare"
"2005-2006","Jammu And Kashmir","1","Srinagar","13","Maize","104.0","Cereals","Kharif",5003,"Hectare",5110,"Tonnes",1.021,"Tonnes/Hectare"
"2002-2003","Himachal Pradesh","2","Mandi","22","Gram","201.0","Pulses","Rabi",36,"Hectare",36,"Tonnes",1,"Tonnes/Hectare"
"2011-2012","Andhra Pradesh","28","Kurnool","511","Urad","203.0","Pulses","Rabi",8925,"Hectare",6256,"Tonnes",0.701,"Tonnes/Hectare"
"1997-1998","Jharkhand","20","East Singhbum","327","Sannhamp","1104.0","Fiber Crops","Whole Year",13,"Hectare",9,"Tonnes",0.692,"Tonnes/Hectare"
"2017-2018","West Bengal","19","Purba Bardhaman","306","Khesari","521.0","Spices","Rabi",1107,"Hectare",1074,"Tonnes",0.97,"Tonnes/Hectare"
"2013-2014","Bihar","10","Jamui","198","Khesari","521.0","Spices","Rabi",79,"Hectare",118,"Tonnes",1.494,"Tonnes/Hectare"
"2018-2019","Madhya Pradesh","23","Gwalior","407","Wheat","106.0","Cereals","Rabi",140836,"Hectare",523109,"Tonnes",3.714,"Tonnes/Hectare"
"2013-2014","Telangana","36","Khammam","509","Arhar/Tur","202.0","Pulses","Rabi",83,"Hectare",48,"Tonnes",0.578,"Tonnes/Hectare"
"2004-2005","Maharashtra","27","Parbhani","489","Sunflower","1007.0","Oilseeds","Kharif",4700,"Hectare",1900,"Tonnes",0.404,"Tonnes/Hectare"
"2007-2008","Uttar Pradesh","9","Etawah","139","Onion","708.0","Vegetable","Total",59,"Hectare",719,"Tonnes",12.186,"Tonnes/Hectare"
"2014-2015","Jharkhand","20","East Singhbum","327","Gram","201.0","Pulses","Rabi",200,"Hectare",148,"Tonnes",0.74,"Tonnes/Hectare"
"2000-2001","The Dadra And Nagar Haveli And Daman And Diu","38","Dadra And Nagar Haveli","465","Other Rabi Pulses","288.0","Pulses","Rabi",3940,"Hectare",3940,"Tonnes",1,"Tonnes/Hectare"
"1998-1999","Karnataka","29","Ballari","528","Bajra","103.0","Cereals","Kharif",25918,"Hectare",24114,"Tonnes",0.93,"Tonnes/Hectare"
"2014-2015","Odisha","21","Puri","369","Rice","101.0","Cereals","Total",131000,"Hectare",277000,"Tonnes",2.115,"Tonnes/Hectare"
"1999-2000","Maharashtra","27","Nanded","485","Wheat","106.0","Cereals","Rabi",33400,"Hectare",39100,"Tonnes",1.171,"Tonnes/Hectare"
"2022-2023","Tamil Nadu","33","Nagapattinam","579","Dry Chillies","502.0","Spices","Whole Year",27,"Hectare",13,"Tonnes",0.481,"Tonnes/Hectare"
"2019-2020","Nagaland","13","Kohima","245","Peas & Beans (Pulses)","213.0","Pulses","Total",972,"Hectare",1161,"Tonnes",1.194,"Tonnes/Hectare"
"2001-2002","Madhya Pradesh","23","Mandla","415","Other Kharif Pulses","288.0","Pulses","Kharif",2997,"Hectare",729,"Tonnes",0.243,"Tonnes/Hectare"
"1999-2000","Assam","18","Cachar","282","Small Millets","108.0","Cereals","Kharif",22,"Hectare",9,"Tonnes",0.409,"Tonnes/Hectare"
"2004-2005","Gujarat","24","Bharuch","442","Maize","104.0","Cereals","Kharif",2200,"Hectare",2000,"Tonnes",0.909,"Tonnes/Hectare"
"2022-2023","West Bengal","19","Howrah","313","Masoor","205.0","Pulses","Rabi",85,"Hectare",70,"Tonnes",0.824,"Tonnes/Hectare"
"2017-2018","Uttar Pradesh","9","Bulandshahr","134","Moong(Green Gram)","204.0","Pulses","Summer",907,"Hectare",732,"Tonnes",0.807,"Tonnes/Hectare"
"2019-2020","Karnataka","29","Udupi","549","Cowpea(Lobia)","288.0","Pulses","Summer",44,"Hectare",11,"Tonnes",0.25,"Tonnes/Hectare"
"2016-2017","Telangana","36","Mahabubabad","688","Sesamum","1003.0","Oilseeds","Total",162,"Hectare",25,"Tonnes",0.154,"Tonnes/Hectare"
"2004-2005","Arunachal Pradesh","12","Lower Dibang Valley","235","Small Millets","108.0","Cereals","Kharif",1322,"Hectare",1005,"Tonnes",0.76,"Tonnes/Hectare"
"2002-2003","Jharkhand","20","Godda","330","Rice","101.0","Cereals","Total",52784.71,"Hectare",67327.217,"Tonnes",1.276,"Tonnes/Hectare"
"2020-2021","Telangana","36","Narayanpet","721","Rice","101.0","Cereals","Total",80798,"Hectare",261165,"Tonnes",3.232,"Tonnes/Hectare"
"1998-1999","Uttar Pradesh","9","Hardoi","150","Sesamum","1003.0","Oilseeds","Kharif",8882,"Hectare",417,"Tonnes",0.047,"Tonnes/Hectare"
"2008-2009","Nagaland","13","Mokokchung","246","Other Kharif Pulses","288.0","Pulses","Kharif",90,"Hectare",70,"Tonnes",0.778,"Tonnes/Hectare"
"2014-2015","Madhya Pradesh","23","Bhind","395","Rapeseed &Mustard","1004.0","Oilseeds","Rabi",130000,"Hectare",131000,"Tonnes",1.008,"Tonnes/Hectare"
"2022-2023","Tamil Nadu","33","Salem","584","Tapioca","702.0","Vegetable","Whole Year",13117,"Hectare",538936,"Tonnes",41.087,"Tonnes/Hectare"
"1998-1999","Odisha","21","Nuapada","368","Maize","104.0","Cereals","Winter",7,"Hectare",3,"Tonnes",0.429,"Tonnes/Hectare"
"2010-2011","Punjab","3","Bathinda","28","Guar Seed","727.0","Vegetable","Kharif",4100,"Hectare",3300,"Tonnes",0.805,"Tonnes/Hectare"
"2002-2003","West Bengal","19","Bankura","305","Sesamum","1003.0","Oilseeds","Total",12942,"Hectare",8709,"Tonnes",0.673,"Tonnes/Hectare"
"2018-2019","Tamil Nadu","33","Sivaganga","585","Tapioca","702.0","Vegetable","Whole Year",12,"Hectare",417,"Tonnes",34.75,"Tonnes/Hectare"
"2007-2008","Manipur","14","Imphal West","256","Dry Chillies","502.0","Spices","Whole Year",370,"Hectare",220,"Tonnes",0.595,"Tonnes/Hectare"
"2016-2017","Madhya Pradesh","23","Shahdol","429","Linseed","1005.0","Oilseeds","Rabi",6000,"Hectare",2000,"Tonnes",0.333,"Tonnes/Hectare"
"2001-2002","Karnataka","29","Mysuru","545","Niger Seed","1010.0","Oilseeds","Kharif",3277,"Hectare",675,"Tonnes",0.206,"Tonnes/Hectare"
"1998-1999","Gujarat","24","Bhavnagar","443","Bajra","103.0","Cereals","Kharif",100100,"Hectare",180200,"Tonnes",1.8,"Tonnes/Hectare"
"2017-2018","West Bengal","19","Uttar Dinajpur","311","Jute","1102.0","Fiber Crops","Kharif",36877,"Hectare",492522,"Tonnes",13.356,"Tonnes/Hectare"